,corp_code,해당년도,기초현금및현금성자산,기말현금및현금성자산,영업이익,자산총계,현금및현금성자산,재무활동현금흐름,투자활동현금흐름,유동자산,유동부채,자본총계,자본과부채총계,자본금,부채총계,비유동자산,비유동부채,당기순이익,법인세비용차감전순이익,유형자산,이익잉여금,매출액
0,102353,2021,11916806544.0,18909274452.0,15096286389.0,413092863671.0,18909274452.0,-39544190987.0,-12339578285.0,115708744293.0,213535049556.0,70680781160.0,413092863671.0,17909502500.0,342412082511.0,297384119378.0,128877032955.0,6438611797.0,8326734025.0,277525423804.0,-21364952079.0,494508083202.0
1,102353,2022,18909274452.0,20325936499.0,16201044607.0,416582520010.0,20325936499.0,-36499988244.0,2839760802.0,128885223045.0,206117813389.0,103888769192.0,416582520010.0,17909502500.0,312693750818.0,287697296965.0,106575937429.0,24802178421.0,13274818890.0,263516544328.0,11137737378.0,540589307261.0
2,102353,2023,20325936499.0,26225481278.0,18526325478.0,417210902124.0,26225481278.0,-41371384680.0,-20781978372.0,129622302979.0,213331867130.0,113313341588.0,417210902124.0,17909502500.0,303897560536.0,287588599145.0,90565693406.0,10200104452.0,13102823917.0,243984791065.0,22891952312.0,588659442952.0
3,103510,2021,10874086161.0,6978212227.0,3795498615.0,371905270516.0,6978212227.0,2140742017.0,-19860286654.0,101629159059.0,152056130795.0,187153261997.0,371905270516.0,7666606500.0,184752008519.0,270276111457.0,32695877724.0,6822587375.0,6996586473.0,106986387852.0,165223405342.0,331623366657.0
4,103510,2022,6978212227.0,3724231276.0,12137395500.0,407278843063.0,3724231276.0,18221531898.0,-35294750659.0,121081220221.0,183223965022.0,195138954930.0,407278843063.0,7666606500.0,212139888133.0,286197622842.0,28915923111.0,8265739473.0,9783063385.0,109844121417.0,173582039799.0,382118463591.0
5,103510,2023,3724231276.0,2476290639.0,15378124314.0,438575542692.0,2476290639.0,-5641890799.0,-24648396925.0,150771851088.0,202601234129.0,204984378108.0,438575542692.0,7904598500.0,233591164584.0,287803691604.0,30989930455.0,11449115981.0,13054366362.0,108113486962.0,181162155169.0,407395094588.0
6,103635,2021,24192317959.0,33827028790.0,14147062522.0,,,13972898394.0,-10092975125.0,,,204225503545.0,,,,,,-9718771143.0,-4746311160.0,,,136952961341.0
7,103635,2022,33827028790.0,30630619358.0,19429033683.0,229511487689.0,30630619358.0,20281799913.0,-26430595320.0,89629337774.0,47132331255.0,173191372302.0,229511487689.0,45353348000.0,56320115387.0,139882149915.0,9187784132.0,-78527128047.0,-66696076651.0,30801563418.0,-12326626956.0,156105842503.0
8,103635,2023,30630619358.0,39077948609.0,13288158296.0,206142169858.0,39077948609.0,-5817341463.0,34768267268.0,114438863930.0,38054523057.0,166633838193.0,206142169858.0,45353348000.0,39508331665.0,91703305928.0,1453808608.0,-6131220291.0,6216151654.0,32448619089.0,-18884161065.0,133831380993.0
9,105040,2021,1328319042.0,14522726394.0,-111229616.0,78106063114.0,14522726394.0,26429754240.0,-11295969857.0,41205905977.0,41792735950.0,27704403134.0,78106063114.0,15022251000.0,50401659980.0,36900157137.0,8608924030.0,355135232.0,355135232.0,28509240411.0,107140208.0,57317955864.0
10,105040,2022,14522726394.0,3762241801.0,-8475538924.0,76715003328.0,3762241801.0,5829841530.0,-13498994326.0,30186300674.0,50411540641.0,18299054105.0,76715003328.0,15053581000.0,58415949223.0,46528702654.0,8004408582.0,-9632469826.0,-9632469826.0,37593307448.0,-9614703677.0,65810047071.0
11,105040,2023,3762241801.0,3842990236.0,-10853451440.0,70772418980.0,3842990236.0,7418346193.0,-681573276.0,23425874875.0,31020471085.0,31703658347.0,70772418980.0,25453581000.0,39068760633.0,47346544105.0,8048289548.0,-12827542067.0,-12827542067.0,38306635314.0,-22390505002.0,73172456729.0
12,105606,2021,59780293033.0,74740784312.0,-5801458934.0,419500175666.0,74740784312.0,-7088038328.0,23895622694.0,157652594123.0,84667440078.0,332536966854.0,419500175666.0,98402333000.0,86963208812.0,261847581543.0,2295768734.0,-29331665284.0,-28912329512.0,39235481268.0,54337160134.0,197311759927.0
13,105606,2022,74740784312.0,56333595449.0,6566132734.0,392135776623.0,56333595449.0,-9781636830.0,-15740514129.0,160494588652.0,67410322042.0,316639722747.0,392135776623.0,100586397000.0,75496053876.0,231641187971.0,8085731834.0,-22409188247.0,-17614520299.0,37769174095.0,24405880747.0,209082333197.0
14,105606,2023,56333595449.0,27560184986.0,-8043521242.0,367256670413.0,27560184986.0,1553040469.0,-17150418212.0,157639073725.0,88854729722.0,278003518214.0,367256670413.0,100588364500.0,89253152199.0,209617596688.0,398422477.0,-38840397109.0,-33862004444.0,38677145202.0,-14266949027.0,256235013984.0
15,111689,2021,2352677949.0,764180832.0,1078204340.0,94393900185.0,764180832.0,-970558379.0,-4780546445.0,42048289136.0,51045732643.0,34963670484.0,94393900185.0,23823187500.0,59430229701.0,52345611049.0,8384497058.0,-40457514.0,154085320.0,45931223911.0,-2581914233.0,99183663204.0
16,111689,2022,764180832.0,927614816.0,-5760515771.0,91241229943.0,927614816.0,4988624554.0,-10094697443.0,34389415714.0,54072412106.0,25658604045.0,91241229943.0,23823187500.0,65582625898.0,56851814229.0,11510213792.0,-8743986978.0,-8133772800.0,49307865465.0,-11817844301.0,100501934262.0
17,111689,2023,927614816.0,489109543.0,2038286352.0,94593219371.0,489109543.0,3461446157.0,-7529711746.0,36289721504.0,53379181320.0,27893784767.0,94593219371.0,24649885000.0,66699434604.0,58303497867.0,13320253284.0,229716397.0,451287712.0,47287080234.0,-12259630728.0,113444154855.0
18,111847,2021,180611180.0,102997459.0,8532044545.0,645824080773.0,102997459.0,-11879423921.0,-1609576065.0,162096542546.0,196747154141.0,418674854061.0,645824080773.0,31000000000.0,227149226712.0,483727538227.0,30402072571.0,7960232774.0,9592346774.0,291588268950.0,362736441427.0,619242799256.0
19,111847,2022,102997459.0,385123555.0,16849939205.0,688386355367.0,385123555.0,-19950831952.0,-20165465409.0,213511971895.0,236077281325.0,426985564859.0,688386355367.0,31000000000.0,261400790508.0,474874383472.0,25323509183.0,10606179753.0,6695667536.0,285351742997.0,381078343535.0,696217414550.0
20,111847,2023,385123555.0,500444477.0,26389277841.0,697660342495.0,500444477.0,-29803857863.0,-10677279444.0,216085364309.0,229695094278.0,447898327795.0,697660342495.0,31000000000.0,249762014700.0,481574978186.0,20066920422.0,28463921224.0,36433870425.0,284426457645.0,397865412307.0,758788824931.0
21,111874,2021,20296270143.0,150509876633.0,20607365423.0,467010870936.0,150509876633.0,-2526718000.0,82273313423.0,322179430679.0,102686371283.0,337728097143.0,467010870936.0,10018800000.0,129282773793.0,144831440257.0,26596402510.0,29089465023.0,45485992895.0,77550755173.0,328731770418.0,636336318824.0
22,111874,2022,150509876633.0,85255611709.0,32069061779.0,479327156425.0,85255611709.0,-2681067000.0,-53005999005.0,326988336937.0,90766969135.0,374306084887.0,479327156425.0,10018800000.0,105021071538.0,152338819488.0,14254102403.0,34147255686.0,46814543531.0,71985466948.0,366704854688.0,664162075369.0
23,111874,2023,85255611709.0,52585751374.0,42245113382.0,488277436328.0,52585751374.0,-4063580000.0,-96869421257.0,349162451624.0,71922433935.0,404944002637.0,488277436328.0,10018800000.0,83333433691.0,139114984704.0,11410999756.0,34667566693.0,47313019086.0,75134485793.0,394887928385.0,728422433495.0
24,112679,2021,22476329372.0,11130117873.0,18312012257.0,201583381846.0,11130117873.0,-2489338375.0,12762181558.0,133533774980.0,26644769720.0,173424163186.0,201583381846.0,14286115000.0,28159218660.0,68049606866.0,1514448940.0,15573263487.0,20916940122.0,31811831224.0,166268349029.0,283527611410.0
25,112679,2022,11130117873.0,24003013805.0,34727494583.0,250352084005.0,24003013805.0,-3794924937.0,-17329029550.0,152034344461.0,39593238101.0,201905128743.0,250352084005.0,14286115000.0,48446955262.0,98317739544.0,8853717161.0,31646295467.0,41272113606.0,30737259497.0,194749314586.0,318979682584.0
26,112679,2023,24003013805.0,16340629364.0,31343647413.0,249217250571.0,16340629364.0,-5949227935.0,-45254677431.0,154386405771.0,20972990319.0,226831399240.0,249217250571.0,14286115000.0,22385851331.0,94830844800.0,1412861012.0,29985713066.0,39700857564.0,29673443447.0,219675585083.0,277056227860.0
27,114154,2021,41277957727.0,46349921272.0,12846099068.0,436866724897.0,46349921272.0,-7012677892.0,-10395732355.0,297884998600.0,338517809418.0,49315683607.0,436866724897.0,16282490000.0,387551041290.0,138981726297.0,49033231872.0,1381053584.0,5078325910.0,98178860831.0,-10406899573.0,1295145745892.0
28,114154,2022,46349921272.0,26488208248.0,28926052675.0,458998822152.0,26488208248.0,2020141748.0,-6682667645.0,316307337993.0,362997803819.0,75496481434.0,458998822152.0,16282490000.0,383502340718.0,142691484159.0,20504536899.0,12895551159.0,19571425096.0,108396823937.0,6113006857.0,1523905821729.0
29,114154,2023,26488208248.0,36286187596.0,24721635800.0,543243010187.0,36286187596.0,-15138420148.0,-39376893744.0,386659243376.0,425365467843.0,84264596985.0,543243010187.0,16282490000.0,458978413202.0,156583766811.0,33612945359.0,10837369164.0,19135776560.0,127114787068.0,14708446294.0,1839599926929.0
30,114765,2021,3741182035.0,9453476397.0,-13768945596.0,392212189038.0,9453476397.0,10606021957.0,-12482582348.0,115259518808.0,177461052823.0,171161046810.0,392212189038.0,43608988500.0,221051142228.0,276952670230.0,43590089405.0,-2881483040.0,-7028311410.0,119129713196.0,92646707051.0,361613390732.0
31,114765,2022,9453476397.0,16612341370.0,16708727884.0,392045497296.0,16612341370.0,3275496526.0,-42680812829.0,134717109795.0,197973473813.0,181059300342.0,392045497296.0,50136508000.0,210986196954.0,257328387501.0,13012723141.0,6764124792.0,9040195877.0,100539754734.0,100431270721.0,398643442561.0
32,114765,2023,16612341370.0,14969998616.0,9312260427.0,455759646203.0,14969998616.0,-17005276115.0,-31651478896.0,184466554887.0,225783214669.0,190800181846.0,455759646203.0,55646515500.0,264959464357.0,271293091316.0,39176249688.0,5352264620.0,11418461242.0,99825377091.0,104010594177.0,434420932971.0
33,117726,2021,3931840881.0,1170432704.0,6140319595.0,287022420937.0,1170432704.0,-1207331937.0,-17818746422.0,122628264862.0,127124473565.0,104083098804.0,287022420937.0,6584230000.0,182939322133.0,164394156075.0,55814848568.0,2804998107.0,3894218861.0,77148742475.0,75165910380.0,294722119722.0
34,117726,2022,1170432704.0,7175054150.0,4278793336.0,284313688562.0,7175054150.0,-3626171943.0,-1901587345.0,137548798276.0,129894971459.0,106108645801.0,284313688562.0,6584230000.0,178205042761.0,146764890286.0,48310071302.0,-2354915863.0,-1832025690.0,76045483029.0,77191457377.0,323352648318.0
35,117726,2023,7175054150.0,5645110655.0,6881999585.0,282886944846.0,5645110655.0,-12482133210.0,-13334955916.0,132658231749.0,157103125084.0,99934518220.0,282886944846.0,6584230000.0,182952426626.0,150228713097.0,25849301542.0,653324023.0,302576843.0,83507950125.0,73993205406.0,351042355490.0
36,118008,2021,73912156.0,574006630.0,-2452017470.0,263248979999.0,574006630.0,-4086751766.0,-9747323649.0,65084650993.0,193785860681.0,22148381432.0,263248979999.0,23377466500.0,241100598567.0,198164329006.0,47314737886.0,-13580725238.0,-10934778614.0,85214496904.0,-22002541491.0,206340079773.0
37,118008,2022,574006630.0,1215866073.0,8066424669.0,262089704168.0,1215866073.0,-15932917889.0,-7706647.0,68807205412.0,179282179449.0,45689248840.0,262089704168.0,23377466500.0,216400455328.0,193282498756.0,37118275879.0,13919068717.0,12818680674.0,74120400263.0,-4778958374.0,191329181287.0
38,118008,2023,1215866073.0,949854347.0,17606084426.0,275231898095.0,949854347.0,-16550415896.0,-13089575471.0,76384358325.0,173639958863.0,68829349120.0,275231898095.0,23377466500.0,206402548975.0,198847539770.0,32762590112.0,12952340554.0,17227150937.0,70685239403.0,10823960240.0,271742150319.0
39,119140,2021,8844194281.0,20746573363.0,-31158356203.0,572108183496.0,20746573363.0,94812353346.0,1809234671.0,247898112101.0,315177182431.0,224324477254.0,572108183496.0,10931634000.0,347783706242.0,324210071395.0,32606523811.0,-38053893563.0,-47096183117.0,113992059328.0,117168192673.0,435819456346.0
40,119140,2022,20746573363.0,6129914892.0,-52229018181.0,613240166043.0,6129914892.0,11968068630.0,-9389440559.0,284391840940.0,411161305886.0,176023212298.0,613240166043.0,10931634000.0,437216953745.0,328848325103.0,26055647859.0,-51434879775.0,-62555556903.0,120799488767.0,68924011356.0,523431906660.0
41,119140,2023,6129914892.0,16323860944.0,-2053002561.0,784863188314.0,16323860944.0,35556321515.0,-14204834185.0,231895678695.0,438284840454.0,293843196608.0,784863188314.0,10937873500.0,491019991706.0,552967509619.0,52735151252.0,26165138674.0,26392940011.0,245422694256.0,92251395241.0,492889560894.0
42,119672,2021,17790464211.0,35599707401.0,17034964671.0,267050838506.0,35599707401.0,-9247133016.0,11646702652.0,134617119179.0,57046928740.0,160632046915.0,267050838506.0,82666700000.0,106418791591.0,132433719327.0,49371862851.0,12390207215.0,15575472106.0,21970024371.0,62579587942.0,226290449748.0
43,119672,2022,35599707401.0,21552817449.0,10840683857.0,287289681011.0,21552817449.0,-6568194717.0,-28372259635.0,143513040162.0,99282879809.0,171086391998.0,287289681011.0,82666700000.0,116203289013.0,143776640849.0,16920409204.0,14109027083.0,18488362827.0,22676895426.0,73033933025.0,227240329617.0
44,119672,2023,21552817449.0,23274151469.0,39930232947.0,298178461294.0,23274151469.0,-33099129020.0,23602645695.0,144531481652.0,80882263642.0,194759160074.0,298178461294.0,82666700000.0,103419301220.0,153646979642.0,22537037578.0,35403224608.0,43721860424.0,24253047921.0,103061759976.0,347778732729.0
45,125521,2021,74144099397.0,232558045281.0,132936985084.0,1733600072444.0,232558045281.0,-23820423861.0,-29784447913.0,1049202785302.0,336329134936.0,1335266256299.0,1733600072444.0,24101638500.0,398333816145.0,684397287142.0,62004681209.0,132488238434.0,195510987631.0,353465381130.0,825678744129.0,1994229561933.0
46,125521,2022,232558045281.0,200578090648.0,172143218140.0,1914532173596.0,200578090648.0,-21874133758.0,-116495352363.0,1062120520017.0,400733832370.0,1481042299112.0,1914532173596.0,23224260000.0,433489874484.0,852411653579.0,32756042114.0,163552127719.0,206431272332.0,380939990350.0,972142171599.0,2351608869278.0
47,125521,2023,200578090648.0,228668845794.0,178183426256.0,2150029621652.0,228668845794.0,-29295266405.0,-259534455544.0,1210853377239.0,463270673839.0,1655592226851.0,2150029621652.0,23224260000.0,494437394801.0,939176244413.0,31166720962.0,213685387267.0,261120427414.0,392721015383.0,1147579925046.0,2655510930000.0
48,125576,2021,2322256431.0,727490369.0,-4859215797.0,70121795924.0,727490369.0,-586360000.0,-1796830360.0,11354874213.0,30770942441.0,29336295338.0,70121795924.0,16000000000.0,40785500586.0,58766921711.0,10014558145.0,-3907526319.0,-3726459109.0,44268411676.0,-11721725238.0,24560185895.0
49,125576,2022,727490369.0,250552684.0,1548073254.0,77908176556.0,250552684.0,-1698630000.0,-3996740011.0,16676877730.0,34449655956.0,32231350911.0,77908176556.0,16000000000.0,45676825645.0,61231298826.0,11227169689.0,242079160.0,193586006.0,47972655483.0,-12269459287.0,38611924855.0
50,125576,2023,250552684.0,996624726.0,4302299650.0,75823157413.0,996624726.0,-1992820000.0,-4437459750.0,12970343893.0,31611272986.0,33639678929.0,75823157413.0,16000000000.0,42183478484.0,62852813520.0,10572205498.0,3355681232.0,3410257862.0,46124552457.0,-10610502208.0,27138602172.0
51,126201,2021,15496581120.0,9572198543.0,764578468.0,240400545451.0,9572198543.0,-671614240.0,-14403953249.0,151733490612.0,26939143095.0,211585098349.0,240400545451.0,4063157000.0,28815447102.0,88667054839.0,1876304007.0,-880114850.0,2257225193.0,11605229539.0,207057853990.0,69448758385.0
52,126201,2022,9572198543.0,19612226982.0,8050103783.0,253964959103.0,19612226982.0,-662264240.0,-4954247773.0,183193896722.0,29569243054.0,222678671331.0,253964959103.0,4063157000.0,31286287772.0,70771062381.0,1717044718.0,12962411597.0,17036385095.0,11611702996.0,218690635202.0,85239919918.0
53,126201,2023,19612226982.0,13349841219.0,3085401046.0,258908256801.0,13349841219.0,-2277800213.0,-13638178272.0,189794545887.0,22774348085.0,233729561249.0,258908256801.0,4063157000.0,25178695552.0,69113710914.0,2404347467.0,13082779740.0,15780660311.0,10668350735.0,230808034603.0,80437312355.0
54,129642,2021,13660037637.0,15612433775.0,17610287494.0,369529330581.0,15612433775.0,-4556817101.0,-15241743367.0,163837185433.0,146861730821.0,196811639279.0,369529330581.0,10735725000.0,172717691302.0,205692145148.0,25855960481.0,5851951287.0,10514685302.0,72723066000.0,184375973467.0,314642843752.0
55,129642,2022,15612433775.0,20620550264.0,26834891403.0,425929471211.0,20620550264.0,36753656896.0,-27282190314.0,205736939458.0,184770994446.0,211584933260.0,425929471211.0,10735725000.0,214344537951.0,220192531753.0,29573543505.0,11131495178.0,16665875058.0,86426676650.0,199070055909.0,373474665511.0
56,129642,2023,20620550264.0,17663974056.0,29418049642.0,437562487757.0,17663974056.0,-8466870688.0,-24398191094.0,190861405263.0,187421718198.0,224727553792.0,437562487757.0,10735725000.0,212834933965.0,246701082494.0,25413215767.0,14675909486.0,19383168144.0,91117636777.0,212277305357.0,396724057572.0
57,132992,2021,194730768291.0,146014702594.0,37635787292.0,1883662363779.0,146014702594.0,-37221610343.0,-103587408483.0,750540814380.0,613152863311.0,1036863744301.0,1883662363779.0,40000000000.0,846798619478.0,1133121549399.0,233645756167.0,29867195632.0,54643280918.0,398983881569.0,922650373201.0,1259189056367.0
58,132992,2022,146014702594.0,55215765724.0,92465631925.0,1943405169039.0,55215765724.0,-86628822181.0,-64652435453.0,829522599497.0,687568004397.0,1120636461047.0,1943405169039.0,40000000000.0,822768707992.0,1113882569542.0,135200703595.0,80695219263.0,119635917403.0,378662036491.0,1011977414084.0,1583239738582.0
59,132992,2023,55215765724.0,155044374140.0,138704463221.0,2141807662299.0,155044374140.0,-63460160558.0,-27899324498.0,1015577565014.0,674707362600.0,1238849758696.0,2141807662299.0,40000000000.0,902957903603.0,1126230097285.0,228250541003.0,136108447125.0,171118757612.0,356065222910.0,1126592768994.0,1704758620353.0
60,133663,2021,3932895546.0,4807835691.0,3027227276.0,92044977856.0,4807835691.0,2432655942.0,-4741894706.0,31199703287.0,47394615771.0,9364954947.0,92044977856.0,8729503500.0,82680022909.0,60845274569.0,35285407138.0,519094035.0,1311321996.0,50479179754.0,-26826107177.0,125781228470.0
61,133663,2022,4807835691.0,3887773453.0,10140026980.0,91576052839.0,3887773453.0,-8022717062.0,-11968450003.0,31485279746.0,44137580102.0,13907223499.0,91576052839.0,8729503500.0,77668829340.0,60090773093.0,33531249238.0,4421809675.0,5751856805.0,50380958375.0,-22222811425.0,147727151037.0
62,133663,2023,3887773453.0,3978933907.0,10551391402.0,97112561286.0,3978933907.0,-691041924.0,-10740895506.0,37751513318.0,38664953682.0,21652237589.0,97112561286.0,8828709500.0,75460323697.0,59361047968.0,36795370015.0,7742535695.0,8986425743.0,48641432750.0,-15007423287.0,158038605095.0
63,134316,2021,2205980236.0,7137133285.0,7618717467.0,289366966604.0,7137133285.0,-249998500.0,-11504443002.0,174086873769.0,14415965096.0,257640605466.0,289366966604.0,5000000000.0,31726361138.0,115280092835.0,17310396042.0,11472775877.0,11110558458.0,27722828957.0,250540605466.0,58380395755.0
64,134316,2022,7137133285.0,9931045752.0,4744808742.0,298109843945.0,9931045752.0,-316998500.0,-19266710988.0,185209221929.0,15747673925.0,266303462323.0,298109843945.0,5000000000.0,31806381622.0,112900622016.0,16058707697.0,7926238594.0,9739774250.0,25279763878.0,259203462323.0,55615777398.0
65,134316,2023,9931045752.0,6762014127.0,7706755442.0,394034647026.0,6762014127.0,-361998500.0,-14673817839.0,277404165935.0,38672097693.0,338717648285.0,394034647026.0,5000000000.0,55316998741.0,116630481091.0,16644901048.0,15160950958.0,19578012181.0,29035079465.0,274602305595.0,58348281690.0
66,134477,2021,39542616029.0,12610758921.0,22031643552.0,862694071467.0,12610758921.0,-25598323370.0,-2483311807.0,417139133631.0,110282312653.0,650490642544.0,862694071467.0,85631742500.0,212203428923.0,445554937836.0,101921116270.0,61763870062.0,83594817348.0,269426316845.0,623546942680.0,258982134498.0
67,134477,2022,12610758921.0,11402236532.0,25070424273.0,913694577691.0,11402236532.0,-9299538650.0,-7472599891.0,439004404355.0,168800811561.0,656878602764.0,913694577691.0,85631742500.0,256815974927.0,474690173336.0,88015163366.0,22824948737.0,28857901820.0,273111617310.0,637686223004.0,320369756097.0
68,134477,2023,11402236532.0,54936629935.0,40012677915.0,1036977015263.0,54936629935.0,-11657295500.0,-52370793424.0,549977585120.0,226099909992.0,696924121571.0,1036977015263.0,85631742500.0,340052893692.0,486999430143.0,113952983700.0,47880103724.0,56097625216.0,288097322532.0,674021724981.0,389799119335.0
69,134510,2021,42007195096.0,24458501020.0,4181371287.0,647153366503.0,24458501020.0,-18228165432.0,-17154812921.0,293943168515.0,249363438815.0,360725229903.0,647153366503.0,13910480500.0,286428136600.0,353210197988.0,37064697785.0,8139847566.0,8731466676.0,85746180599.0,305315587350.0,403527676963.0
70,134510,2022,24458501020.0,27163773819.0,6731639648.0,651405242746.0,27163773819.0,-12213659835.0,6583772687.0,296709985947.0,240708350521.0,365487761593.0,651405242746.0,13910480500.0,285917481153.0,354695256799.0,45209130632.0,6507463538.0,9183877497.0,81262034040.0,313747367974.0,405245634278.0
71,134510,2023,27163773819.0,22254106485.0,23561562210.0,688536335192.0,22254106485.0,-35143119434.0,-7415318494.0,309940713518.0,255671338540.0,373098188702.0,688536335192.0,13910480500.0,315438146490.0,378595621674.0,59766807950.0,10767453943.0,21902540567.0,77938858467.0,313030106062.0,478833422163.0
72,137234,2021,3588965299.0,153203587.0,8616513412.0,518311992669.0,153203587.0,-3555657175.0,-15746587308.0,234922958655.0,315921364323.0,158433003493.0,518311992669.0,32901558500.0,359878989176.0,283389034014.0,43957624853.0,-869323969.0,368185223.0,180233359137.0,6900268765.0,601087703813.0
73,137234,2022,153203587.0,300390507.0,23232055212.0,552225913277.0,300390507.0,-10920393179.0,-18398715437.0,252256073002.0,312069954967.0,173861248256.0,552225913277.0,36616728500.0,378364665021.0,299969840275.0,66294710054.0,6784424244.0,11092875459.0,175906418522.0,22355055788.0,708067443340.0
74,137234,2023,300390507.0,1134121813.0,18102825531.0,579603724420.0,1134121813.0,20640626885.0,-13491769469.0,274945512081.0,334364653231.0,190493120238.0,579603724420.0,36616728500.0,389110604182.0,304658212339.0,54745950951.0,8410257236.0,9696115455.0,206746332859.0,23601515842.0,744542934471.0
75,138242,2021,165339310580.0,45834173311.0,-260691568697.0,1849724077174.0,45834173311.0,7091476710.0,-152402612899.0,439115224271.0,1340226099113.0,-94994714961.0,1849724077174.0,749200010000.0,1944718792135.0,1410608852903.0,604492693022.0,-265856636755.0,-265856636755.0,1190309297184.0,-1144921163196.0,2417230988886.0
76,138242,2022,45834173311.0,94765997718.0,-117488438797.0,1978718199605.0,94765997718.0,448840517441.0,-146514596911.0,618371263888.0,387450519340.0,1089411289867.0,1978718199605.0,934780120000.0,889306909738.0,1360346935717.0,501856390398.0,-67717275481.0,-67717275481.0,1148114121235.0,-1120113534894.0,3423547320788.0
77,138242,2023,94765997718.0,45401145529.0,4976149644.0,2586314271403.0,45401145529.0,290051163243.0,-349866158349.0,1100670525426.0,861659616196.0,1085140745108.0,2586314271403.0,934780120000.0,1501173526295.0,1485643745977.0,639513910099.0,14758379544.0,1185824084.0,1192615641353.0,-1142596326017.0,3780018267767.0
78,139083,2021,22909717402.0,4220022846.0,-1583455667.0,393876082966.0,4220022846.0,-16828609302.0,-38293267358.0,100737399652.0,111013295697.0,204980045080.0,393876082966.0,19403291000.0,188896037886.0,293138683314.0,77882742189.0,1900272535.0,-2928265128.0,209821580091.0,96820693073.0,262302238568.0
79,139083,2022,4220022846.0,7309365182.0,13277382089.0,453103873392.0,7309365182.0,2731519671.0,-33037999250.0,129653756642.0,138268598510.0,239266646561.0,453103873392.0,19403291000.0,213837226831.0,323450116750.0,75568628321.0,29591897447.0,30146778226.0,218609350217.0,129098468195.0,270459433849.0
80,139083,2023,7309365182.0,26401893182.0,34391440450.0,664704341961.0,26401893182.0,94733251886.0,-130529298968.0,211600235387.0,248695455567.0,290423696530.0,664704341961.0,19403291000.0,374280645431.0,453104106574.0,125585189864.0,49521375012.0,53625238098.0,210654448922.0,178779637515.0,359105047199.0
81,139153,2021,327165212.0,436354969.0,12759974586.0,416267422083.0,436354969.0,56911775819.0,-38445978373.0,165583046152.0,203624493344.0,157596522467.0,416267422083.0,17084685000.0,258670899616.0,250684375931.0,55046406272.0,11289700752.0,13351098208.0,176949530645.0,105359595124.0,932302116394.0
82,139153,2022,436354969.0,911144082.0,15762767428.0,461794250782.0,911144082.0,4927814072.0,-63765441446.0,179506165948.0,220866792759.0,168492786243.0,461794250782.0,17084685000.0,293301464539.0,282288084834.0,72434671780.0,10735236827.0,13467992010.0,177981175825.0,117101702605.0,1066473167002.0
83,139153,2023,911144082.0,599931292.0,38644551350.0,477937461418.0,599931292.0,14501003761.0,-41745267904.0,170156414590.0,215410109227.0,218667313405.0,477937461418.0,20584685000.0,259270148013.0,307781046828.0,43860038786.0,30660160007.0,39596867460.0,191428538868.0,143143447010.0,1238717611222.0
84,141413,2021,9082270044.0,614936633.0,-16352615533.0,211560372817.0,6149363633.0,15910874368.0,-7574452753.0,96861837417.0,99268076331.0,60855142980.0,211560372817.0,27569082500.0,150705229837.0,114698535400.0,51437153506.0,-18521148795.0,-20740527915.0,109657716420.0,20734381615.0,235523771275.0
85,141413,2022,6149363633.0,13051189115.0,-1121315071.0,220738936358.0,13051189115.0,3590491581.0,-1838588769.0,113565734719.0,118508610032.0,62701053016.0,220738936358.0,27569082500.0,158037883342.0,107173201639.0,39529273310.0,469416270.0,386444352.0,103091442526.0,22580291651.0,284850842623.0
86,141413,2023,13051189115.0,7359253832.0,9395601425.0,210002658451.0,7359253832.0,-22899162977.0,6039439477.0,113167877781.0,106496582823.0,67527956250.0,210002658451.0,27569082500.0,142474702201.0,96834780670.0,35978119378.0,7535978187.0,7886095769.0,93784886767.0,28407137173.0,292311699831.0
87,146436,2021,1548754961.0,4066806328.0,14339117044.0,443364396108.0,4066806328.0,25034652823.0,-64144990553.0,83112496830.0,192625387313.0,168870273105.0,443364396108.0,17370851500.0,274494123003.0,360251899278.0,81868735690.0,19214583589.0,20335745202.0,60351131315.0,80605615871.0,423251416988.0
88,146436,2022,4066806328.0,10606469260.0,15208708866.0,475940905842.0,10606469260.0,15905158359.0,-43666330285.0,72491862437.0,202073008142.0,178858859508.0,475940905842.0,17370851500.0,297082046334.0,403449043405.0,95009038192.0,8027273643.0,9122991873.0,59080408464.0,88741689932.0,440268212163.0
89,146436,2023,10606469260.0,6432130181.0,15675810342.0,570428722632.0,6432130181.0,50338086410.0,-71771837316.0,97510733269.0,249642953105.0,214108578807.0,570428722632.0,22043495500.0,356320143825.0,472917989363.0,106677190720.0,7252837380.0,12852485903.0,69928942152.0,79534025197.0,569002539967.0
90,146560,2021,1436852347.0,1383568473.0,3856048973.0,263465747116.0,1383568473.0,40110391994.0,-40636295576.0,88721277590.0,118756692700.0,131742226836.0,263465747116.0,6756750000.0,131723520280.0,174744469526.0,12966827580.0,-12240964413.0,-8216876662.0,113294622844.0,122552972827.0,172381875044.0
91,146560,2022,1383568473.0,3692192093.0,4536793256.0,288181504898.0,3692192093.0,-42307884000.0,-27900751462.0,127719294700.0,157862307603.0,126797247975.0,288181504898.0,6756750000.0,161384256923.0,160462210198.0,3521949320.0,-6228212329.0,-4113705357.0,124533277149.0,117675135865.0,179120077150.0
92,146560,2023,3692192093.0,2345819081.0,24815758270.0,354361282551.0,2345819081.0,95945476408.0,-118355258908.0,103550994815.0,147765776976.0,148550188075.0,354361282551.0,6756750000.0,205811094476.0,250810287736.0,58045317500.0,22812792972.0,28936938266.0,113821292018.0,139373752036.0,358750931119.0
93,147152,2021,21986248261.0,14883307609.0,2038615343.0,223713102635.0,14883307609.0,-3170922735.0,-8324191466.0,91456576263.0,107384309393.0,106662666641.0,223713102635.0,13439992978.0,117050435994.0,132256526372.0,9666126601.0,4755778688.0,5415992923.0,104119174091.0,76373456367.0,245926922697.0
94,147152,2022,14883307609.0,7199008928.0,2883175237.0,239970798111.0,7199008928.0,6350437791.0,-15680471675.0,101385494551.0,112709068431.0,111206827970.0,239970798111.0,13439992978.0,128763970141.0,138585303560.0,16054901710.0,2830929913.0,2488745541.0,109851928273.0,80917617696.0,281563468715.0
95,147152,2023,7199008928.0,7010196664.0,7049540861.0,250511270515.0,7010196664.0,534035853.0,-11491007743.0,116838449383.0,116308424478.0,116178589135.0,250511270515.0,13439992978.0,134332681380.0,133672821132.0,18024256902.0,6570812610.0,6824617236.0,110391195838.0,85889378861.0,325838636373.0
96,147860,2021,1331943399.0,1496870365.0,-8181785151.0,47837810917.0,1496870365.0,7989105021.0,-4584411701.0,9281022407.0,10206734866.0,32357639895.0,47837810917.0,32748686000.0,15480171022.0,38556788510.0,5273436156.0,-16605885974.0,-16605885974.0,37914749894.0,-50438425173.0,73077585705.0
97,147860,2022,1496870365.0,11541741000.0,3428152108.0,149584550289.0,11541741000.0,-4205657152.0,10633727120.0,85242881901.0,77048392196.0,66979471541.0,149584550289.0,55625880000.0,82605078748.0,64341668388.0,5556686552.0,9226034097.0,3484575687.0,53514319688.0,-40480549981.0,136788023955.0
98,147860,2023,11541741000.0,13443359402.0,9483131970.0,103271095148.0,13443359402.0,-16422678290.0,-5000678878.0,40824542683.0,30152646229.0,66524494147.0,103271095148.0,55625880000.0,36746601001.0,62446552465.0,6593954772.0,698426564.0,6080398353.0,56865956669.0,-40935527375.0,202720700696.0
99,151128,2021,33478757645.0,19974169241.0,14707506116.0,450511036331.0,19974169241.0,-9129999636.0,-27181775403.0,372363285186.0,25220860326.0,421344559365.0,450511036331.0,16500000000.0,29166476966.0,78147751145.0,3945616640.0,16840266288.0,24257242501.0,64421308694.0,374285145276.0,196083915586.0
100,151128,2022,19974169241.0,37791085256.0,14271412199.0,463199227427.0,37791085256.0,-10912535179.0,8545175930.0,363324555134.0,29377909046.0,429638108684.0,463199227427.0,16500000000.0,33561118743.0,99874672293.0,4183209697.0,17789582198.0,23103260045.0,60266040176.0,384531204970.0,223860212776.0
101,151128,2023,37791085256.0,31289238289.0,15316223120.0,480607723869.0,31289238289.0,-9093202617.0,-14322466027.0,264954956295.0,26350112574.0,447288642624.0,480607723869.0,16500000000.0,33319081245.0,215652767574.0,6968968671.0,27056265402.0,32244788330.0,61296643906.0,401989404408.0,244258777569.0
102,151605,2021,4323928824.0,18647153043.0,-2014787168.0,76078911654.0,18647153043.0,38241524188.0,-18850256746.0,27495699670.0,40403171010.0,30878782625.0,76078911654.0,5583709200.0,45200129029.0,48583211984.0,4796958019.0,-10836555095.0,-9884608593.0,9175749704.0,-844844764.0,22855752049.0
103,151605,2022,18647153043.0,5870905999.0,4809386585.0,71592594934.0,5870905999.0,20271427302.0,-34808142595.0,44795314930.0,27661835191.0,42869305783.0,71592594934.0,29675456500.0,28723289151.0,26797280004.0,1061453960.0,-29278864831.0,-30309320227.0,10212587536.0,-28916927599.0,33629458706.0
104,151605,2023,5870905999.0,9964526052.0,3062049614.0,74396306223.0,9964526052.0,7413985588.0,-13987526578.0,24446701652.0,22905668851.0,47681775789.0,74396306223.0,43990773000.0,26714530434.0,49949604571.0,3808861583.0,-15584714086.0,-15584714086.0,10230601221.0,-44501641685.0,23941229029.0
105,152039,2021,16284079448.0,8312031616.0,575051437.0,180340624351.0,8312031616.0,4266663065.0,-11722422225.0,31071118686.0,11144566808.0,119500304279.0,180340624351.0,22482126500.0,60840320072.0,149269505665.0,49695753264.0,-3539495126.0,-3283786005.0,15310201925.0,52068989630.0,56442693425.0
106,152039,2022,8312031616.0,15412601635.0,1692700401.0,179460629330.0,15412601635.0,-5808423038.0,580122973.0,35864926290.0,39463410015.0,119984178176.0,179460629330.0,22482126500.0,59476451154.0,143595703040.0,20013041139.0,970982734.0,1853612796.0,12890241810.0,53777453063.0,65845882966.0
107,152039,2023,15412601635.0,26116005345.0,8010310169.0,187550845985.0,26116005345.0,-14662325853.0,21988340844.0,57755770131.0,34450616483.0,136028597057.0,187550845985.0,22482126500.0,51522248928.0,129795075854.0,17071632445.0,16202508913.0,18317863468.0,12435618164.0,32469318906.0,94148804516.0
108,155124,2021,50411148.0,31312920.0,4606139183.0,153372316518.0,31312920.0,-7598202250.0,4528791470.0,29891975428.0,46229563796.0,101853242994.0,153372316518.0,7312733000.0,51519073524.0,123480341090.0,5289509728.0,-7244366154.0,-6516975754.0,951962986.0,58204761000.0,15313992867.0
109,155124,2022,31312920.0,9638143.0,5386734357.0,159589140730.0,9638143.0,1564006650.0,-5694710095.0,40075076457.0,50029977114.0,105177704394.0,159589140730.0,7312733000.0,54411436336.0,119514064273.0,4381459222.0,4976037691.0,-4968377652.0,543516307.0,61531705400.0,15675222570.0
110,155124,2023,9638143.0,9598087.0,5279762310.0,162830619349.0,9598087.0,-9361031670.0,6915968616.0,40776013620.0,39527288066.0,122940363144.0,162830619349.0,7312733000.0,39890256205.0,122054605729.0,362968139.0,20513067490.0,16829141186.0,877792779.0,79294612450.0,16555435892.0
111,156354,2021,9282883096.0,620487813.0,3549695966.0,421799779928.0,620487813.0,8055736228.0,-21010591937.0,193826076820.0,163159691430.0,219334968611.0,421799779928.0,9536140000.0,202464811317.0,227973703108.0,39305119887.0,7194097580.0,9564140856.0,150712215220.0,196533505735.0,475822046137.0
112,156354,2022,620487813.0,1580739307.0,5862308124.0,444294935879.0,1580739307.0,4884678616.0,-25674677040.0,213301393127.0,176732304055.0,235563126332.0,444294935879.0,9536140000.0,208731809547.0,230993542752.0,31999505492.0,7815854001.0,8578773330.0,152997755625.0,212761663456.0,545043427799.0
113,156354,2023,1580739307.0,338966835.0,18441961252.0,484292607606.0,338966835.0,12953492574.0,-32839535993.0,236617269960.0,206091441616.0,239078520665.0,484292607606.0,9536140000.0,245214086941.0,247675337646.0,39122645325.0,13157486138.0,14764763937.0,159840185868.0,216277057789.0,625977305804.0
114,157539,2021,2403076109.0,9908516467.0,-3489059643.0,157255132351.0,9908516467.0,10212544443.0,-4736548430.0,58966015957.0,40233289983.0,104669814040.0,157255132351.0,5750000000.0,52585318311.0,98289116394.0,12352028328.0,973290402.0,546233009.0,46791426132.0,92360047259.0,114488578805.0
115,157539,2022,9908516467.0,970735368.0,8491992538.0,206625576135.0,970735368.0,37313903536.0,-44714768224.0,79504890867.0,67017959248.0,107576061611.0,206625576135.0,5750000000.0,99049514524.0,127120685268.0,32031555276.0,4316607720.0,5413062508.0,45601992409.0,95266294830.0,163437423477.0
116,157539,2023,970735368.0,1293802628.0,6463251395.0,218228693884.0,1293802628.0,-970898094.0,-2918038845.0,77099868104.0,65298947253.0,118371164014.0,218228693884.0,5750000000.0,99857529870.0,141128825780.0,34558582617.0,4371200608.0,4289438251.0,53356477014.0,97906879112.0,186779370562.0
117,160418,2021,39592144023.0,24053815477.0,16057163503.0,450396552557.0,24053815477.0,-23275270733.0,-13116203569.0,269159243315.0,231370879630.0,206029363440.0,450396552557.0,30450420000.0,244367189117.0,181237309242.0,12996309487.0,17365436160.0,29256901098.0,132406048278.0,157815062040.0,626502182942.0
118,160418,2022,24053815477.0,11804900175.0,14724318434.0,486136592873.0,11804900175.0,6283092673.0,-32111307719.0,272913373341.0,251197863500.0,229532102577.0,486136592873.0,30450420000.0,256604490296.0,213223219532.0,5406626796.0,22719487501.0,26927489016.0,138513002391.0,181510556662.0,766770906185.0
119,160418,2023,11804900175.0,6862142227.0,30906686698.0,491146711485.0,6862142227.0,-34179959691.0,-3758993578.0,274509572002.0,231865773858.0,254244286629.0,491146711485.0,30450420000.0,236902424856.0,216637139483.0,5036650998.0,34786677713.0,48126864081.0,137882653790.0,206022669599.0,872849779884.0
120,162832,2021,9297013227.0,3466296719.0,-3998908664.0,201746605981.0,3466296719.0,5432604750.0,-4898742133.0,72967060822.0,91196675852.0,92338221452.0,201746605981.0,14945664000.0,109408384529.0,128779545159.0,18211708677.0,-13253393927.0,-15610194623.0,106031387559.0,42044375056.0,138455226969.0
121,162832,2022,3466296719.0,19425186690.0,11598008612.0,230715668436.0,19425186690.0,7710796558.0,-9239261534.0,100594707835.0,115131362967.0,102634058860.0,230715668436.0,15737648000.0,128081609576.0,130120960601.0,12950246609.0,5270344890.0,6733411770.0,76398181574.0,48228567951.0,165091176507.0
122,162832,2023,19425186690.0,28202625978.0,11907103304.0,228195444725.0,28202625978.0,-12044361479.0,-286925752.0,97853982835.0,106111674952.0,108117281689.0,228195444725.0,15766273000.0,120078163036.0,130341461890.0,13966488084.0,5807412647.0,7287350142.0,77086623709.0,53373923871.0,158425391835.0
123,164502,2021,15019541494.0,12823334768.0,11532572282.0,164943210489.0,12823334768.0,-2026602265.0,-14963496985.0,95389807011.0,43355324427.0,119742274746.0,164943210489.0,7670000000.0,45200935743.0,69553403478.0,1845611316.0,11081871836.0,14876594162.0,28169620718.0,95046002409.0,235627185029.0
124,164502,2022,12823334768.0,20823981114.0,15472508006.0,188806346434.0,20823981114.0,-2307801705.0,-9407607367.0,113099416566.0,55850715322.0,131927710986.0,188806346434.0,7670000000.0,56878635448.0,75706929868.0,1027920126.0,13111121841.0,16850898438.0,26656898558.0,106474564376.0,264472240069.0
125,164502,2023,20823981114.0,39028445081.0,15296659966.0,217517343025.0,39028445081.0,-2843387403.0,-13754735829.0,128029963527.0,73303012387.0,141816964468.0,217517343025.0,7670000000.0,75700378557.0,89487379498.0,2397366170.0,15813116688.0,19118845725.0,42203311439.0,117821378271.0,292602577263.0
126,164742,2021,469990000000.0,653462000000.0,661623000000.0,79758300000000.0,653462000000.0,-989369000000.0,-4491580000000.0,23330493000000.0,20043791000000.0,52675012000000.0,79758300000000.0,1488993000000.0,27083288000000.0,56427807000000.0,7039497000000.0,645526000000.0,989847000000.0,25264360000000.0,49094270000000.0,55605120000000.0
127,164742,2022,653462000000.0,4897550000000.0,2828569000000.0,83412349000000.0,4897550000000.0,-3207408000000.0,1175877000000.0,23819313000000.0,21443574000000.0,55755815000000.0,83412349000000.0,1488993000000.0,27656534000000.0,59593036000000.0,6212960000000.0,3701958000000.0,4175475000000.0,25644467000000.0,52028878000000.0,65308350000000.0
128,164742,2023,4897550000000.0,6995325000000.0,6670971000000.0,85064635000000.0,6995325000000.0,-6570021000000.0,-5035771000000.0,21797281000000.0,18594079000000.0,60787169000000.0,85064635000000.0,1488993000000.0,24277466000000.0,63267354000000.0,5683387000000.0,7343003000000.0,9675202000000.0,26699459000000.0,56425494000000.0,78033758000000.0
129,164788,2021,715860000000.0,699948000000.0,1358350000000.0,32576208000000.0,699948000000.0,-560554000000.0,-1737049000000.0,15461247000000.0,6411865000000.0,24578908000000.0,32576208000000.0,491096000000.0,7997300000000.0,17114961000000.0,1585435000000.0,1426648000000.0,1918759000000.0,6959870000000.0,23708066000000.0,27328555000000.0
130,164788,2022,699948000000.0,1024760000000.0,1405333000000.0,34782050000000.0,1024760000000.0,-599877000000.0,-1430587000000.0,16515045000000.0,7109444000000.0,26088427000000.0,34782050000000.0,491096000000.0,8693623000000.0,18267005000000.0,1584179000000.0,1576460000000.0,2049859000000.0,7187351000000.0,24967441000000.0,34052113000000.0
131,164788,2023,1024760000000.0,1435435000000.0,1161687000000.0,35577102000000.0,1435435000000.0,-1770250000000.0,-1631650000000.0,16095972000000.0,6922025000000.0,27211953000000.0,35577102000000.0,491096000000.0,8365149000000.0,19481130000000.0,1443124000000.0,1814899000000.0,2185846000000.0,7146617000000.0,26203527000000.0,38970304000000.0
132,166272,2021,21149963296.0,2451186269.0,-44106807775.0,313256316420.0,2451186269.0,4709164036.0,-1630514428.0,40742678183.0,117871477480.0,173966818782.0,313256316420.0,25025626000.0,139289497638.0,272513638237.0,21418020158.0,-35596901129.0,-41355266191.0,5749176595.0,149652457707.0,78218309698.0
133,166272,2022,2451186269.0,2106199701.0,6598276504.0,346742320855.0,2106199701.0,9676054816.0,-13779416883.0,47486046411.0,150317314573.0,177660347953.0,346742320855.0,25025626000.0,169081972902.0,299256274444.0,18764658329.0,7071297850.0,7601140368.0,6924183851.0,161779457075.0,115516620925.0
134,166272,2023,2106199701.0,3176006199.0,16156377292.0,452833622409.0,3176006199.0,-50117767309.0,28831652287.0,124309000455.0,236583361246.0,179632353542.0,452833622409.0,25025626000.0,273201268867.0,328524621954.0,36617907621.0,9983426571.0,10157761949.0,64281949464.0,164372748085.0,273585305760.0
135,173069,2021,5041370397.0,12944213239.0,4329748796.0,58082815501.0,12944213239.0,26000000000.0,-18228207165.0,23019087620.0,34868504763.0,10914310734.0,58082815501.0,6846459000.0,47168504767.0,35063727881.0,12300000004.0,6389088276.0,6389088276.0,28808931232.0,-4267738557.0,49325693943.0
136,173069,2022,12944213239.0,2572063668.0,10595588680.0,67796315909.0,2572063668.0,11004180004.0,-21363285015.0,23334420834.0,39683241596.0,12206900397.0,67796315909.0,6846459000.0,55589415512.0,44461895075.0,15906173916.0,3068070912.0,3504711567.0,28793412018.0,-1199667645.0,66840072518.0
137,173069,2023,2572063668.0,2491010794.0,2984334033.0,76696219680.0,2491010794.0,3209202645.0,-14947468468.0,23974177042.0,47553496558.0,14085073690.0,76696219680.0,6846459000.0,62611145990.0,52722042638.0,15057649432.0,1816749619.0,2496836452.0,28552154950.0,617081974.0,71666771025.0
138,173078,2021,40405867016.0,34250078245.0,10554673911.0,225143675006.0,34250078245.0,-9761003753.0,-4572090324.0,94074066358.0,31232037102.0,171555428064.0,225143675006.0,26235066500.0,53588246942.0,131069608648.0,22356209840.0,11196766103.0,12320145795.0,70478762861.0,-88932242484.0,159989291922.0
139,173078,2022,34250078245.0,41182485865.0,18767916714.0,231637524970.0,41182485865.0,-16615967024.0,192914265.0,110667791556.0,32354737907.0,188409463213.0,231637524970.0,26235066500.0,43228061757.0,120969733414.0,10873323850.0,17058670448.0,22665480648.0,62235607106.0,-72106907439.0,180302623798.0
140,173078,2023,41182485865.0,47344672534.0,14215602603.0,216098267696.0,47344672534.0,-22136926713.0,-8460717164.0,91012259374.0,10207330944.0,203065384114.0,216098267696.0,26235066500.0,13032883582.0,125086008322.0,2825552638.0,14807590082.0,17380537025.0,56786640536.0,55952093555.0,167028659727.0
141,173591,2021,19925726198.0,11984529006.0,15202968726.0,300993250961.0,11984529006.0,-219868746.0,-43676616760.0,89100429381.0,43393742946.0,233661182570.0,300993250961.0,4175000000.0,67332068391.0,211892821580.0,23938325445.0,26976887435.0,32042203243.0,152418040227.0,198359360806.0,210094466852.0
142,173591,2022,11984529006.0,21205197544.0,14982919221.0,310570284956.0,21205197544.0,-254764554.0,-26615821879.0,121686594086.0,44946526270.0,243314792516.0,310570284956.0,4175000000.0,67255492440.0,188883690870.0,22308966170.0,16276122211.0,19748574826.0,140088447593.0,216058900032.0,171133634720.0
143,173591,2023,21205197544.0,34456843273.0,5906879018.0,462467731465.0,34456843273.0,-198704250.0,-26689617458.0,245824408292.0,72777740030.0,356738255896.0,462467731465.0,4175000000.0,105729475569.0,216643323173.0,32951735539.0,12732951871.0,14825821734.0,119479202847.0,226449863256.0,193044822258.0
144,175173,2021,32411416141.0,15488365746.0,-5340309077.0,196652280805.0,15488365746.0,-4050748214.0,-12898844097.0,65249027014.0,83872752669.0,109890414720.0,196652280805.0,14000000000.0,86761866085.0,131403253791.0,2889113416.0,-11178324239.0,-15649085317.0,56872292197.0,67948611251.0,83387059635.0
145,175173,2022,15488365746.0,9103799728.0,-4730446751.0,174724093771.0,9103799728.0,-7075816440.0,1804637461.0,81935176936.0,77655213266.0,94853074815.0,174724093771.0,14000000000.0,79871018956.0,92788916835.0,2215805690.0,-13649506190.0,-17044188881.0,20577352124.0,53766105061.0,93986976357.0
146,175173,2023,9103799728.0,12200664858.0,17316700315.0,141175721969.0,12200664858.0,-37477036440.0,33686392701.0,78556519551.0,44713026455.0,94048142188.0,141175721969.0,14000000000.0,47127579781.0,62619202418.0,2414553326.0,1974734069.0,10399996689.0,21809022926.0,55207839130.0,130805220058.0
147,180795,2021,44716231.0,638782092.0,7280597759.0,215443825956.0,638782092.0,120934869047.0,304067625.0,80598636046.0,88222179974.0,95163919481.0,215443825956.0,5000000000.0,120279906475.0,134845189910.0,32057726501.0,7510536204.0,8452831841.0,87815799119.0,88689987310.0,207788910487.0
148,180795,2022,638782092.0,495368854.0,7431622966.0,233019596134.0,495368854.0,223586234559.0,5589773734.0,85020276738.0,92473931623.0,100458935831.0,233019596134.0,5000000000.0,132560660303.0,147999319396.0,40086728680.0,6211433994.0,7265559131.0,98284600259.0,93992714494.0,236142858480.0
149,180795,2023,495368854.0,556188558.0,6034796943.0,249543466994.0,556188558.0,237138135571.0,5386220942.0,72366953414.0,91647626860.0,110788304715.0,249543466994.0,5000000000.0,138755162279.0,177176513580.0,47107535419.0,13097916100.0,14684621560.0,97711535299.0,104315651630.0,233595269950.0
150,191588,2021,12300159156.0,7537324101.0,9549369585.0,270679643944.0,7537324101.0,-4172695380.0,-7457474060.0,152524445357.0,47757285287.0,218726735664.0,270679643944.0,20000000000.0,51952908280.0,118155198587.0,4195622993.0,8804033367.0,11801008521.0,88937030137.0,133113597000.0,299952544414.0
151,191588,2022,7537324101.0,35561293871.0,16532526342.0,293690103032.0,35561293871.0,-4172695380.0,27295381405.0,172700064210.0,58632016361.0,230780833592.0,293690103032.0,20000000000.0,62909269440.0,120990038822.0,4277253079.0,13013317992.0,16979268799.0,76017320762.0,146008828104.0,364111085653.0
152,191588,2023,35561293871.0,20763279974.0,16504971399.0,303735700802.0,20763279974.0,-4172695380.0,-28472485121.0,193498230558.0,56945223537.0,242511942264.0,303735700802.0,20000000000.0,61223758538.0,110237470244.0,4278535001.0,16609053116.0,21640902270.0,72547703673.0,157291360636.0,359058169925.0
153,202060,2021,7527998280.0,9396179289.0,3116845817.0,150871223956.0,9396179289.0,918724777.0,-8015307284.0,45091002761.0,47993666265.0,61940306583.0,150871223956.0,13197087000.0,88930917373.0,105780221195.0,40937251108.0,2852889605.0,3528227470.0,78656231393.0,29753905082.0,101636678012.0
154,202060,2022,9396179289.0,7698557781.0,4306931912.0,154122359998.0,7698557781.0,-3829225225.0,-5929146578.0,51901887930.0,57968849634.0,65682721953.0,154122359998.0,13197087000.0,88439638045.0,102220472068.0,30470788411.0,2971277432.0,3814517484.0,75915817250.0,32486867055.0,116246951667.0
155,202060,2023,7698557781.0,4280047840.0,8069142806.0,217443108749.0,4280047840.0,19749449709.0,-41068126766.0,60469590406.0,94870704297.0,77238890508.0,217443108749.0,13705202500.0,140204218241.0,156973518343.0,45333513944.0,7565875080.0,5933984702.0,131050258556.0,39264727812.0,145144868861.0
156,230814,2021,33301917228.0,7843074872.0,1377704443.0,31015189281.0,7843074872.0,-42016398415.0,22975772488.0,18221467591.0,10661313943.0,16691906111.0,31015189281.0,16601391600.0,14323283170.0,12793721690.0,3661969227.0,-86700569685.0,-7516152248.0,3717785597.0,-278383666403.0,42609779117.0
157,230814,2022,7843074872.0,4212413229.0,2588627982.0,44022327179.0,4212413229.0,5969109637.0,-9362859283.0,34297023550.0,7377277725.0,34696259252.0,44022327179.0,26601391600.0,9326067927.0,9725303629.0,1948790202.0,9733818592.0,9797045685.0,4603833046.0,-268839964270.0,43538763389.0
158,230814,2023,4212413229.0,10257058207.0,4814018015.0,54191812464.0,10257058207.0,-234145332.0,-4908740282.0,32915838292.0,9745706123.0,43420174591.0,54191812464.0,27105169800.0,10771637873.0,21275974172.0,1025931750.0,8202050323.0,8205984092.0,17869444201.0,-260822594234.0,63663274097.0
159,238977,2021,3058006307.0,830767534.0,-3272176225.0,42241136033.0,830767534.0,-34556511.0,-1599139949.0,18769645140.0,28028188606.0,11984833036.0,42241136033.0,31144371500.0,30256302997.0,23471490893.0,2228114391.0,-2230909455.0,-2382117186.0,21958105096.0,-29268904684.0,23989268677.0
160,238977,2022,830767534.0,687849616.0,-3624580538.0,38117199204.0,687849616.0,1192272103.0,274356508.0,13532632889.0,26101898387.0,9062217065.0,38117199204.0,31144371500.0,29054982139.0,24584566315.0,2953083752.0,-2969323024.0,-2907665752.0,21434480469.0,-32108965455.0,26878063406.0
161,238977,2023,687849616.0,1783268724.0,-2389837259.0,33264919002.0,1783268724.0,-3632666250.0,7747266781.0,13567921525.0,10553751070.0,19018004161.0,33264919002.0,37419820500.0,14246914841.0,19696997477.0,3693163771.0,-2017550566.0,-1744236271.0,18340842932.0,-34577908490.0,27607517953.0
162,259545,2021,4331852053.0,9391959413.0,-3921840566.0,457862380985.0,9391959413.0,64193145602.0,-58443054110.0,92224887215.0,181961725035.0,123855636279.0,457862380985.0,21802165000.0,334006744706.0,365637493770.0,152045019671.0,-50690022334.0,-49948781112.0,75320541248.0,-44264569450.0,180681097527.0
163,259545,2022,9391959413.0,4762966191.0,16283216722.0,477812229528.0,4762966191.0,-25698988966.0,-7017148486.0,133715440638.0,264198747272.0,134702114618.0,477812229528.0,21823923000.0,343110114910.0,344096788890.0,78911367638.0,11367585215.0,12900447254.0,69884669228.0,47760856577.0,215016870219.0
164,259545,2023,4762966191.0,1152353979.0,2587854089.0,450374640813.0,1152353979.0,-1297509811.0,-19344823567.0,151460820684.0,259831969377.0,129954469371.0,450374640813.0,22829138500.0,320420171442.0,298913820129.0,60588202065.0,-13479358598.0,-15620613133.0,66669702617.0,33871440983.0,241620472077.0
165,262266,2021,2485755410.0,3042069411.0,3774225460.0,75083981422.0,3042069411.0,7377260367.0,-10473064453.0,34097005812.0,25971032671.0,36225567134.0,75083981422.0,762130000.0,38858414288.0,40986975610.0,12887381617.0,3791818673.0,4288374489.0,32325835442.0,33313966517.0,59096247022.0
166,262266,2022,3042069411.0,7822192690.0,2753382474.0,80455070331.0,7822192690.0,335455653.0,-2473192270.0,39800184571.0,38131597095.0,39650787677.0,80455070331.0,4267928000.0,40804282654.0,40654885760.0,2672685559.0,3322524020.0,3044934627.0,31471068091.0,35547829497.0,68617808568.0
167,262266,2023,7822192690.0,6014860641.0,9796377029.0,94859740698.0,6014860641.0,-4537374634.0,-8809549130.0,55147211472.0,43934837459.0,48583541972.0,94859740698.0,4267928000.0,46276198726.0,39712529226.0,2341361267.0,9449803386.0,9776756008.0,36638416895.0,44480583792.0,99848743018.0
168,295857,2021,1185402246.0,1001395729.0,2600962020.0,310906927227.0,1001395729.0,7078400698.0,-9551329071.0,120680372938.0,69261664373.0,48628882436.0,310906927227.0,19532128000.0,262278044791.0,190226554289.0,193016380418.0,6887861932.0,6887861932.0,145672975908.0,-21100617841.0,206306995509.0
169,295857,2022,1001395729.0,3910823040.0,6386995355.0,323927973864.0,3910823040.0,133491170.0,-7802871833.0,125759218709.0,281221833222.0,32566621877.0,323927973864.0,19532128000.0,291361351987.0,198168755155.0,10139518765.0,-20451458081.0,-20287586380.0,142184783677.0,-42408405755.0,221718479209.0
170,295857,2023,3910823040.0,2707658702.0,-18081811477.0,315892797266.0,2707658702.0,-17612880180.0,-1365340809.0,118490583852.0,295548098794.0,14011155505.0,315892797266.0,21393028000.0,301881641761.0,197402213414.0,6333542967.0,-30167913686.0,-30634158824.0,134700051780.0,-73514866161.0,204183041734.0
171,300405,2021,1904005481.0,71468324.0,1792009856.0,75297120654.0,71468324.0,-502331495.0,-2315481191.0,16477827903.0,32767811627.0,38063797647.0,75297120654.0,11721456000.0,37233323007.0,58819292751.0,4465511380.0,1633417830.0,1633417830.0,13379702047.0,1650214505.0,79538931253.0
172,300405,2022,71468324.0,5372377485.0,-116173342.0,78257437914.0,5372377485.0,11424198231.0,-11331018187.0,23964900383.0,29674728420.0,38744650981.0,78257437914.0,15871456000.0,39512786933.0,54292537531.0,9838058513.0,-8618096762.0,-8618096762.0,14737998069.0,-7048278632.0,89396123207.0
173,300405,2023,5372377485.0,2168091767.0,1878400441.0,77278804062.0,2168091767.0,-4438248872.0,-2532144273.0,24475590757.0,30040321434.0,34851505912.0,77278804062.0,15871456000.0,42427298150.0,52803213305.0,12386976716.0,-6757066432.0,-6757066432.0,18969481307.0,-13857463905.0,127912066979.0
174,302582,2021,6796816946.0,4943740023.0,-15579234466.0,223097272293.0,4943740023.0,-1797522544.0,56591609.0,71703016075.0,107591886683.0,98620296084.0,223097272293.0,8284594000.0,124476976209.0,151394256218.0,16885089526.0,-13698712498.0,-15377105508.0,44779153192.0,61135098120.0,84443228036.0
175,302582,2022,4943740023.0,2374104959.0,-14681920251.0,236531792923.0,2374104959.0,-8898075354.0,14243906947.0,112004066153.0,135089703015.0,91165022761.0,236531792923.0,8284594000.0,145366770162.0,124527726770.0,10277067147.0,-8112507804.0,-15223450222.0,19987968701.0,53679824797.0,99492777718.0
176,302582,2023,2374104959.0,4207445916.0,-13320607058.0,205942543798.0,4207445916.0,-10333678515.0,3444321566.0,86535213988.0,126091657063.0,73412269362.0,205942543798.0,8284594000.0,132530274436.0,119407329810.0,6438617373.0,-17853393304.0,-11136401244.0,18575958254.0,35927071398.0,87622355263.0
177,305668,2021,25706639611.0,36001909915.0,1024514388.0,230495609048.0,36001909915.0,-3204726833.0,-3835399807.0,84394658289.0,18404599701.0,209634737514.0,230495609048.0,9600000000.0,20860871534.0,146100950759.0,2456271833.0,9524211789.0,12254584834.0,36091006365.0,189988834419.0,100333636149.0
178,305668,2022,36001909915.0,59691507752.0,-3032188554.0,215179702121.0,59691507752.0,-3055492979.0,27222170639.0,86417678759.0,15632412834.0,197541358459.0,215179702121.0,9600000000.0,17638343662.0,128762023362.0,2005930828.0,-11228227628.0,-12369298576.0,19203027437.0,178036136832.0,103158368305.0
179,305668,2023,59691507752.0,29932216807.0,-4612123720.0,218153145831.0,29932216807.0,-3231899211.0,-37344621923.0,86921280171.0,16513981897.0,199471624285.0,218153145831.0,9600000000.0,18681521546.0,131231865660.0,2167539649.0,4629991868.0,4379899172.0,18830577101.0,179872866236.0,107027947699.0
180,338170,2021,8472767489.0,6591594427.0,9836986078.0,70436186922.0,6591594427.0,-3071934541.0,-3619350419.0,49268833738.0,8573435071.0,61316916078.0,70436186922.0,500000000.0,9119270844.0,21167353184.0,545835773.0,8747214388.0,10825879755.0,15330829001.0,60867570528.0,96406153941.0
181,338170,2022,6591594427.0,10424054042.0,9824209516.0,82737723526.0,10424054042.0,-4519383646.0,1947372857.0,52053920666.0,11783436469.0,70733793175.0,82737723526.0,3000000000.0,12003930351.0,30683802860.0,220493882.0,11563336113.0,13813645762.0,24899564394.0,67784447625.0,111517295493.0
182,338170,2023,10424054042.0,16555517820.0,10886763601.0,90063133783.0,16555517820.0,-1664507276.0,-5452260799.0,53608372036.0,10779020245.0,78718837278.0,90063133783.0,3000000000.0,11344296505.0,36454761747.0,565276260.0,11071650443.0,12426237395.0,29745355408.0,75769491728.0,116796431185.0
183,351092,2021,65819762966.0,65553135902.0,12097632979.0,376433757569.0,65553135902.0,7416571454.0,-16200831512.0,160462557189.0,188726479623.0,127841978644.0,376433757569.0,9411948000.0,248591778925.0,215971200380.0,59865299302.0,11843977681.0,16462823052.0,82042655673.0,59505286415.0,304127204671.0
184,351092,2022,65553135902.0,56915150916.0,6237704706.0,388918179789.0,56915150916.0,-7512238255.0,-20038378606.0,163155875533.0,214820078127.0,137072707623.0,388918179789.0,9666001500.0,251845472166.0,225762304256.0,37025394039.0,4532011019.0,6445201911.0,77359139430.0,65630484926.0,348631130265.0
185,351092,2023,56915150916.0,66850800732.0,16322119056.0,491462545608.0,66850800732.0,80259473489.0,-81349498141.0,201394702668.0,219231487223.0,164503437333.0,491462545608.0,11371098000.0,326959108275.0,290067842940.0,107727621052.0,6746149948.0,9196083107.0,92984624714.0,68601945387.0,413768880277.0
186,365624,2021,185825787.0,15062207359.0,2912171323.0,115607883876.0,15062207359.0,25438175992.0,-15992577187.0,60012181799.0,44521832204.0,66314749557.0,115607883876.0,8679196500.0,49293134319.0,55595702077.0,4771302115.0,943053403.0,814334782.0,17962125670.0,22186973065.0,84178207829.0
187,365624,2022,15062207359.0,3192723204.0,1761373730.0,170576041328.0,3192723204.0,44801387688.0,-57283474437.0,61918817459.0,91675211865.0,73888015203.0,170576041328.0,20693162000.0,96688026125.0,108657223869.0,5012814260.0,-53074036.0,-34100865.0,17488313529.0,19884554009.0,92935104554.0
188,365624,2023,3192723204.0,6169191832.0,4545561413.0,128446313762.0,6169191832.0,-5967442228.0,1505836641.0,56493122984.0,84025442570.0,39146440710.0,128446313762.0,20937646500.0,89299873052.0,71953190778.0,5274430482.0,-34597762654.0,-33816740543.0,18471716082.0,-16523405725.0,104491110367.0
189,397289,2021,42081595113.0,25169421261.0,-183040442.0,239709889140.0,25169421261.0,5701833926.0,-4380701204.0,65170961318.0,73110539433.0,147633719564.0,239709889140.0,7695802500.0,92076169576.0,174538927822.0,18965630143.0,-436962233.0,-305567204.0,17138797031.0,111764438844.0,100923046890.0
190,397289,2022,25169421261.0,6280779387.0,319354337.0,198843777715.0,6280779387.0,-13965631204.0,-2553399968.0,48262177147.0,77134729751.0,116366211024.0,198843777715.0,7695802500.0,82477566691.0,150581600568.0,5342836940.0,-30039859272.0,-29557720167.0,18011314914.0,81739179079.0,115611048839.0
191,397289,2023,6280779387.0,12732684418.0,-2712108232.0,211613868286.0,12732684418.0,-5342315431.0,-2159187322.0,37526385907.0,63951555053.0,131020493152.0,211613868287.0,7695802500.0,80593375135.0,174087482379.0,16641820082.0,-15624161105.0,-16380878923.0,24562054714.0,59275925831.0,121102883092.0
192,398792,2021,238983322215.0,234369818310.0,93870483052.0,1136568771465.0,234369818310.0,-20791422435.0,-54433753428.0,637701342118.0,229438270339.0,849905747628.0,1136568771465.0,73115680000.0,286663023837.0,498867429347.0,57224753498.0,81733157781.0,110938290748.0,344231380349.0,726901444229.0,899539631029.0
193,398792,2022,234369818310.0,191823076672.0,113170593628.0,1219422735354.0,191823076672.0,-51841809080.0,-96964348423.0,726314682282.0,286987911064.0,875815044028.0,1219422735354.0,73115680000.0,343607691326.0,493108053072.0,56619780262.0,91032057044.0,122466157637.0,349416968432.0,800500636595.0,1004821816592.0
194,398792,2023,191823076672.0,185432694708.0,120240879190.0,1206009871022.0,185432694708.0,-27231167790.0,-71415291499.0,771133563305.0,216267677557.0,942079809032.0,1206009871022.0,73115680000.0,263930061990.0,434876307717.0,47662384433.0,90175453093.0,117122090480.0,351728291050.0,868672986190.0,1114711301250.0
195,409140,2021,229326857.0,17956651414.0,1156788369.0,74247868592.0,17956651414.0,29591571195.0,-19875873548.0,35743075168.0,22973228601.0,48951992304.0,74247868592.0,11318152500.0,25295876288.0,38504793424.0,2322647687.0,-2950780496.0,-3327358470.0,14707199652.0,-20220150941.0,38060141046.0
196,409140,2022,17956651414.0,9382710211.0,1704210986.0,97876247217.0,9382710211.0,25280889807.0,-42210107917.0,27553934991.0,47267286622.0,49526003035.0,97876247217.0,11876530000.0,48350244182.0,70322312226.0,1082957560.0,-9644584261.0,-9710758335.0,15374707976.0,-29610230993.0,47777326424.0
197,409140,2023,9382710211.0,4942168430.0,879838240.0,79709783500.0,4942168430.0,2118837680.0,-6505598887.0,17054595055.0,28644526260.0,49721240930.0,79709783500.0,15295466500.0,29988542570.0,62655188445.0,1344016310.0,-2402682489.0,-2402682489.0,15049135898.0,-26940132026.0,47118903098.0
198,430089,2021,507374000.0,184424000.0,1703610000.0,147434121000.0,184424000.0,19735510000.0,-17616114000.0,66458414000.0,54458919000.0,46938552000.0,147434121000.0,44046051000.0,100495569000.0,80975707000.0,46036650000.0,1200760000.0,1118518000.0,79403289000.0,-11631607000.0,84850388000.0
199,430089,2022,184424000.0,217684000.0,4497227000.0,161839032000.0,217684000.0,13883000.0,-10396134000.0,79027190000.0,79887247000.0,49397959000.0,161839032000.0,44046051000.0,112441073000.0,82811842000.0,32553826000.0,1043604000.0,733434000.0,81904558000.0,-10281787000.0,108420939000.0
200,430089,2023,217684000.0,61444000.0,3900478000.0,169062134000.0,61444000.0,10673620000.0,-7726844000.0,87136046000.0,86893232000.0,48993434000.0,169062134000.0,45046051000.0,120068700000.0,81926088000.0,33175468000.0,-1416195000.0,-1373497000.0,81075119000.0,-11706311000.0,123379807000.0
201,442905,2021,12903308733.0,12056229465.0,1070834765.0,83415841666.0,12056229465.0,-5133060368.0,1674577578.0,28545948938.0,27129099792.0,54774780879.0,83415841666.0,3130128100.0,28641060787.0,54869892728.0,1511960995.0,953347390.0,1091461572.0,42538291321.0,43705710351.0,32850559765.0
202,442905,2022,12056229465.0,5632851414.0,-2322588214.0,80094472879.0,5632851414.0,-1289347310.0,-4609158834.0,25442744607.0,24754553076.0,51688531009.0,80094472879.0,3130128100.0,28405941870.0,54651728272.0,3651388794.0,-3086249870.0,-3780230464.0,41119210314.0,40619460481.0,27255182909.0
203,442905,2023,5632851414.0,3216854311.0,-2019748251.0,74807678869.0,3216854311.0,-4683669684.0,3356096783.0,25619164298.0,23419533765.0,49632237444.0,74807678869.0,3130128100.0,25175441425.0,49188514571.0,1755907660.0,-2056293565.0,-2250950625.0,41148148819.0,38563166916.0,29404450802.0
204,450010,2021,512755112.0,3401005207.0,-902373301.0,232428518564.0,3401005207.0,14667707278.0,-13724625066.0,77492568250.0,99445292565.0,84500839247.0,232428518564.0,4305000000.0,147927679317.0,154935950314.0,48482386752.0,-664222539.0,-825776597.0,111915877125.0,63056141206.0,275893309934.0
205,450010,2022,3401005207.0,2453961326.0,-4500976093.0,261045348584.0,2453961326.0,9764470618.0,-9213784932.0,64743764054.0,116375501290.0,99717763854.0,261045348584.0,4305000000.0,161327584730.0,196301584530.0,44952083440.0,-6000477965.0,-7735223327.0,126727582487.0,57754545206.0,295033457689.0
206,450010,2023,2453961326.0,1931624830.0,-1504359666.0,255793422075.0,1931624830.0,15041602326.0,-17033361311.0,72433213184.0,119893099066.0,81389454693.0,255793422075.0,4305000000.0,174403967382.0,183360208891.0,54510868316.0,-16625459553.0,-21454534753.0,115347383539.0,40280448959.0,342030021778.0
207,486370,2021,2456884772.0,1122030869.0,4593690061.0,76946079782.0,1122030869.0,-2752342212.0,-3392116468.0,35564999704.0,26805156693.0,41557487118.0,76946079782.0,3650000000.0,35388592664.0,41381080078.0,8583435971.0,2853055163.0,3694455188.0,10999788176.0,29857197810.0,86415024874.0
208,486370,2022,1122030869.0,917288523.0,5160836816.0,81866400152.0,917288523.0,12099141.0,-6627107855.0,42939867998.0,28239870135.0,45130557831.0,81866400152.0,3650000000.0,36735842321.0,38926532154.0,8495972186.0,3499976516.0,5068942600.0,16114517240.0,33329466092.0,103540468115.0
209,486370,2023,917288523.0,2096557605.0,1224289144.0,110409027589.0,2096557605.0,20604153474.0,-25561701662.0,43614647967.0,45186499773.0,48280255937.0,110409027589.0,3650000000.0,62128771652.0,66794379622.0,16942271879.0,4419920298.0,2965536155.0,43449397187.0,36506612518.0,82631365886.0
210,531865,2021,20780161919.0,18612256419.0,6524792675.0,120129780263.0,18612256419.0,-4146643140.0,-3244568086.0,41132789844.0,24707643092.0,86217482011.0,120129780263.0,12505782500.0,33912298252.0,78996990419.0,9204655160.0,7570922783.0,9341544554.0,51484050552.0,61294866538.0,72647975297.0
211,531865,2022,18612256419.0,9650031678.0,7736919826.0,154032547644.0,9650031678.0,-4421910236.0,-12044475826.0,33521857843.0,25753349342.0,112405128862.0,154032547644.0,12505782500.0,41627418782.0,120510689801.0,15874069440.0,6465890154.0,7783679897.0,94215469222.0,67760756692.0,76570758932.0
212,531865,2023,9650031678.0,10343176083.0,9545011242.0,204787602374.0,10343176083.0,35356778997.0,-43363726409.0,67632759862.0,40640787804.0,120285678834.0,204787602374.0,12505782500.0,84501923540.0,137154842512.0,43861135736.0,7853102640.0,9329007811.0,108556998790.0,75613859332.0,87760612314.0
213,562360,2021,90257440625.0,44816187224.0,-8353679356.0,292144917115.0,44816187224.0,29951756912.0,-70856115877.0,78033457148.0,31698788572.0,260333503929.0,292144917115.0,56704050000.0,31811413186.0,214111459967.0,112624614.0,-29505220121.0,-29388101247.0,8975621090.0,19756020622.0,30695150866.0
214,562360,2022,44816187224.0,36494105231.0,-4182684262.0,233482634017.0,36494105231.0,-5718390578.0,9084244166.0,67345484505.0,27059811415.0,206346372016.0,233482634017.0,56704050000.0,27136262001.0,166137149512.0,76450586.0,-45916744677.0,-45921054801.0,8335676752.0,-38670081009.0,33208973899.0
215,562360,2023,36494105231.0,14183312048.0,1221198292.0,240757934249.0,14183312048.0,-10476357689.0,-2814792628.0,67076123342.0,8976008819.0,231702409138.0,240757934249.0,65784607000.0,9055525111.0,173681810907.0,79516292.0,9401008030.0,9588733895.0,3262468709.0,-29316787701.0,49045561532.0
216,573579,2021,34129727.0,4620635.0,6759023740.0,217075583868.0,4620635.0,8761543475.0,-18847907845.0,121594402859.0,138366476718.0,26863375825.0,217075583868.0,27451129500.0,190212208043.0,95481181009.0,51845731325.0,-231663451.0,-72355552.0,84496824369.0,-61197663329.0,422457123917.0
217,573579,2022,4620635.0,255713806.0,5827666576.0,233242026093.0,255713806.0,-7802780136.0,-11517852090.0,138684980444.0,140201585046.0,42634768152.0,233242026093.0,27451129500.0,190607257941.0,94557045649.0,50405672895.0,6456859326.0,5457867459.0,92402783435.0,-51713917212.0,517363989150.0
218,573579,2023,255713806.0,1811136955.0,10281179263.0,251354458799.0,1811136955.0,-11515467211.0,-18088500582.0,159132497973.0,179358734269.0,43059027670.0,251354458799.0,27451129500.0,208295431129.0,92221960826.0,28936696860.0,3143625967.0,3776115057.0,88772610478.0,-50307855769.0,560456049696.0
219,578538,2021,4926523411.0,6712303653.0,2136950587.0,83534223586.0,6712303653.0,-3365525136.0,3846001538.0,32229597299.0,19614816281.0,60267739448.0,83534223586.0,5638339500.0,23266484138.0,51304626287.0,3651667857.0,449920422.0,570382374.0,25092474841.0,41886119610.0,40055384041.0
220,578538,2022,6712303653.0,2764933452.0,805230851.0,78353739021.0,2764933452.0,-3474715004.0,-814467728.0,28305238346.0,19116717127.0,59042499489.0,78353739021.0,5638339500.0,19311239532.0,50048500675.0,194522405.0,-744980483.0,-1165323753.0,25104039779.0,40802838757.0,50803687453.0
221,578538,2023,2764933452.0,5702460950.0,-1354664666.0,78053169051.0,5702460950.0,1891910820.0,-597954051.0,29229031346.0,21007804257.0,56903478374.0,78053169051.0,5638339500.0,21149690677.0,48824137705.0,141886420.0,-1851566773.0,-1732647736.0,24332171443.0,38951271984.0,47831013340.0
222,606664,2021,23770805259.0,7855326990.0,5079510953.0,66445406970.0,7855326990.0,-1066018036.0,-23853599048.0,17037969664.0,7085446309.0,52466798334.0,66445406970.0,6067691000.0,13978608636.0,49407437306.0,6893162327.0,6134575468.0,6259811979.0,11407057418.0,1698078900.0,18427959011.0
223,606664,2022,7855326990.0,7554992218.0,-264481917.0,64508639309.0,7554992218.0,-313194952.0,-7954886619.0,14182584639.0,10687632971.0,50682931174.0,64508639309.0,6067691000.0,13825708135.0,50326054670.0,3138075164.0,-724924794.0,-1382978195.0,11375466199.0,973154106.0,24276158126.0
224,606664,2023,7554992218.0,12869293609.0,1474806145.0,115792732357.0,12869293609.0,49693534259.0,-46516501737.0,44437995451.0,12343105641.0,101415392531.0,115792732357.0,8030014000.0,14377339826.0,71354736906.0,2034234185.0,749230891.0,1357991581.0,3213786074.0,662102197.0,24791708624.0
225,617998,2021,6188759341.0,28267135079.0,-2665460506.0,114154877567.0,28267135079.0,32269656933.0,-10435349865.0,53184213358.0,14389225871.0,83853887395.0,114154877567.0,3348174700.0,30300990172.0,60970664209.0,15911764301.0,5608182391.0,5279618649.0,12576540609.0,34783734722.0,61577131213.0
226,617998,2022,28267135079.0,33637836126.0,2585227250.0,171644281574.0,33637836126.0,21974150698.0,-10866094405.0,66926107750.0,29152727306.0,135937247646.0,171644281574.0,4800178500.0,35707033928.0,104718173824.0,6554306622.0,2525479185.0,3363715981.0,42531837628.0,37309213907.0,79419243086.0
227,617998,2023,33637836126.0,37433753122.0,3518202499.0,182919294566.0,37433753122.0,4086594732.0,-13583455200.0,87498213941.0,25856219770.0,151340384712.0,182919294566.0,5434424800.0,31578909854.0,95421080625.0,5722690084.0,217590351.0,1249872561.0,41811277752.0,37526804258.0,80921417116.0
228,761183,2021,2157239985.0,394124625.0,2766100339.0,51371417856.0,394124625.0,-3438907127.0,597646996.0,16055239424.0,18711889054.0,27795409855.0,51286398510.0,3500658000.0,23490988655.0,35316178432.0,4779099601.0,7319368873.0,7958795101.0,13354448148.0,16285500306.0,42452615023.0
229,761183,2022,394124625.0,907850165.0,3242049395.0,67532636445.0,907850165.0,1541105653.0,-2888178960.0,26122266959.0,28963410886.0,36426069744.0,67532636445.0,3500658000.0,31106566701.0,41410369486.0,2143155815.0,9286891982.0,10421853866.0,15139308973.0,25433516751.0,45236545488.0
230,761183,2023,907850165.0,1909672043.0,752237737.0,120122511401.0,1909672043.0,47164487349.0,-48951227607.0,67669474530.0,22507864401.0,97136168195.0,120122511401.0,4519889000.0,22986343206.0,52453036871.0,478478805.0,9108473330.0,9437694616.0,16451135268.0,34839340906.0,50276768180.0
231,799177,2021,12194564397.0,10652593895.0,-12715939708.0,428492656695.0,10652593895.0,-11393272816.0,-24213022547.0,137973334524.0,209349607525.0,147427744726.0,428492656695.0,3833942800.0,281064911969.0,290519322171.0,71715304444.0,-1793465598.0,705429389.0,218704388574.0,87917003932.0,459059977603.0
232,799177,2022,10652593895.0,4854114821.0,2051494643.0,404391578057.0,4854114821.0,-4952494584.0,-50836890935.0,144096150975.0,202247074020.0,108757394853.0,404391578057.0,3833942800.0,295634183204.0,260295427082.0,93387109184.0,-37396620096.0,-39815228259.0,210107182144.0,49236989205.0,470224617371.0
233,799177,2023,4854114821.0,622598341.0,5853532479.0,381155775592.0,622598341.0,-22655849763.0,-18523133190.0,118041167546.0,210067354698.0,118602460857.0,381155775592.0,3833942800.0,262553314735.0,263114608046.0,52485960037.0,16140414939.0,15946711864.0,202270330790.0,59013246956.0,481691248191.0
234,800145,2021,167705996.0,1040007773.0,3808489050.0,197098206348.0,1040007773.0,-8624691349.0,4831026255.0,55877423498.0,104981472319.0,59168127361.0,197098206348.0,10070623000.0,137930078987.0,141220782850.0,32948606668.0,5365364929.0,5870511222.0,84551709891.0,5658144908.0,145166342099.0
235,800145,2022,1040007773.0,4578605549.0,4930663485.0,205251047753.0,4578605549.0,5050695101.0,-6383213458.0,69163194829.0,93841620132.0,61931760532.0,205251047753.0,10520623000.0,143319287221.0,136087852924.0,49477667089.0,719815729.0,117338202.0,73239926241.0,8421778079.0,161943030134.0
236,800145,2023,4578605549.0,2954667202.0,581608399.0,222157371053.0,2954667202.0,14522548593.0,-18854098412.0,71721510160.0,128416850473.0,57619405824.0,222157371053.0,10614065500.0,164537965229.0,150435860893.0,36121114756.0,-3261382874.0,-2654480621.0,78662397459.0,3343924053.0,172095470620.0
237,815369,2021,15415258239.0,7852231869.0,-6683542426.0,163036391585.0,7852231869.0,-920454900.0,-5317882240.0,57994806775.0,17206751192.0,140511976638.0,163036391585.0,7802449000.0,22524414947.0,105041584810.0,5317663755.0,6004059019.0,7384429917.0,32712446763.0,73607948455.0,67188707970.0
238,815369,2022,7852231869.0,5664831414.0,-6015345647.0,164449836302.0,5664831414.0,-2462544700.0,-8412988435.0,52168757394.0,14768210882.0,146925028305.0,164449836302.0,7802449000.0,17524807997.0,112281078908.0,2756597115.0,6885703453.0,7222753873.0,34445460274.0,80021000122.0,74168842556.0
239,815369,2023,5664831414.0,11781798376.0,-5552412904.0,174009525442.0,11781798376.0,-1681099800.0,2930207780.0,51851351387.0,17391302050.0,154374725719.0,174009525442.0,7802449000.0,19634799723.0,122158174055.0,2243497673.0,9769640922.0,9202681265.0,34095644762.0,87470697536.0,80359487455.0
240,825223,2021,22993659885.0,11669586949.0,5452163152.0,153854130598.0,11669586949.0,-4471877300.0,-10389786324.0,73809233877.0,52574167317.0,97780497273.0,153854130598.0,3637388700.0,56073633325.0,80044896721.0,3499466008.0,4545920073.0,5994081518.0,50403103210.0,57636075315.0,254741944167.0
241,825223,2022,11669586949.0,28122795677.0,9295111992.0,161379158740.0,28122795677.0,-3613347300.0,3168518296.0,75683094815.0,56698039847.0,101647253189.0,161379158740.0,3637388700.0,59731905551.0,85696063925.0,3033865704.0,7077084377.0,8840241439.0,54493458151.0,64350308952.0,317941978708.0
242,825223,2023,28122795677.0,36048887039.0,8707274170.0,197235641139.0,36048887039.0,-1445916400.0,-9296038592.0,100424047617.0,73953924848.0,118135945781.0,197235641139.0,3637388700.0,79099695358.0,96811593522.0,5145770510.0,9032825243.0,10521049425.0,55436543261.0,70845418343.0,359878250345.0
243,870481,2021,,,,93634131044.0,4805095986.0,,,59829631976.0,47039100076.0,43174585167.0,93634131044.0,1455880000.0,50459545877.0,33804499068.0,3420445801.0,,,26640842959.0,11772092643.0,
244,870481,2022,4805095986.0,26455181342.0,-2729949764.0,129308134015.0,26455181342.0,34533195053.0,-2546920303.0,94243349007.0,44430953743.0,82457199795.0,129308134015.0,2669046000.0,46850934220.0,35064785008.0,2419980477.0,-4121609561.0,2336144028.0,29345902669.0,7662636719.0,107676696096.0
245,870481,2023,26455181342.0,13617302851.0,-8353973170.0,123029042572.0,13617302851.0,5118933174.0,-4402960530.0,88592046031.0,43824861814.0,73267388229.0,123029042572.0,2669046000.0,49761654343.0,34436996541.0,5936792529.0,-8401166958.0,8401166958.0,26708868593.0,-1527174847.0,106908852335.0
246,876865,2021,21442435844.0,16622434260.0,5923321623.0,146555505205.0,16622434260.0,-8119101635.0,-13742650168.0,52195705567.0,35699584400.0,89071950950.0,146555505205.0,3937481500.0,57483554255.0,94359799638.0,21783969855.0,6568000750.0,7875088876.0,90313672217.0,72597133890.0,142360251340.0
247,876865,2022,16622434260.0,19833243972.0,7969615246.0,154735560173.0,19833243972.0,-9300558732.0,-14396420943.0,62034846851.0,47816455944.0,96865832508.0,154735560173.0,3937481500.0,57869727665.0,92700713322.0,10053271721.0,7851187788.0,10314077318.0,80980780729.0,80287477468.0,164034089080.0
248,876865,2023,19833243972.0,25701047296.0,10381323003.0,176186078098.0,25701047296.0,3615355354.0,-18014404634.0,88042263935.0,56460149232.0,107788386566.0,176186078098.0,3937481500.0,68397691532.0,88143814163.0,11937542300.0,11924396808.0,14393146800.0,76323843148.0,91222807002.0,198227864842.0
249,876908,2021,2041413287.0,7036523592.0,18068600251.0,277720636319.0,7036523592.0,14867466493.0,-31688803730.0,117936229933.0,115762565701.0,135801837287.0,277720636319.0,4078877200.0,141918799032.0,159784406386.0,26156233331.0,22264012427.0,22766008510.0,51312081750.0,44951472916.0,289768525880.0
250,876908,2022,7036523592.0,24099398730.0,32915872816.0,317026056157.0,24099398730.0,4043020536.0,-19988457018.0,163476199500.0,125309230287.0,163068355451.0,317026056157.0,12269961500.0,153957700706.0,153549856657.0,28648470419.0,23176395991.0,25433733317.0,52025777843.0,66627837466.0,404937375413.0
251,876908,2023,24099398730.0,23992469870.0,24770946992.0,344195022395.0,23992469870.0,31379959680.0,-67266331261.0,134901051329.0,139516631797.0,180086490754.0,344195022395.0,12453206500.0,164108531641.0,209293971066.0,24591899844.0,17994902658.0,20990091133.0,73109149879.0,78613321252.0,342449328710.0
252,1036446,2021,25387173052.0,8784717670.0,47154997309.0,1118832703085.0,8784717670.0,-61960575242.0,-72119030593.0,381425528411.0,400179123727.0,665259368007.0,1118832703085.0,13514218500.0,453573335078.0,737407174674.0,53394211351.0,28085982053.0,35720059577.0,140666333728.0,134447639348.0,1078250089741.0
253,1036446,2022,8784717670.0,8727869182.0,82070425285.0,1214063323309.0,8727869182.0,-21108995063.0,-70466508133.0,442183399035.0,467607366663.0,716522629263.0,1214063323309.0,13514218500.0,497540694046.0,771879924274.0,29933327383.0,49602488716.0,82316281630.0,142268504066.0,184258665887.0,1238493477132.0
254,1036446,2023,8727869182.0,6573415651.0,133564824297.0,1459721666619.0,6573415651.0,29394155116.0,-107582578563.0,546180625447.0,517778241885.0,873077691617.0,1459721666619.0,13514218500.0,586643975002.0,913541041172.0,68865733117.0,154455657291.0,168078464397.0,154652286963.0,328344553857.0,1590508503378.0
255,1042775,2021,398793195954.0,392664323618.0,26805177106.0,3253030772969.0,392664323618.0,311890867432.0,-346512552967.0,992194595006.0,994176813800.0,1155194386394.0,3253030772969.0,46957120000.0,2097836386575.0,2260836177963.0,1103659572775.0,20192949754.0,26188861544.0,1047651751784.0,383680166604.0,2895766689600.0
256,1042775,2022,392664323618.0,75954106117.0,-41081522633.0,3606937062202.0,75954106117.0,-257549036138.0,123981994451.0,808784914871.0,737932366212.0,1900583957865.0,3606937062202.0,46957120000.0,1706353104337.0,2798152147331.0,968420738125.0,-8485082692.0,28736462986.0,838381467806.0,438051340448.0,2644014110036.0
257,1042775,2023,75954106117.0,148847446558.0,-44995037682.0,3808960032435.0,148847446558.0,-10230965598.0,-78796574032.0,930854619075.0,1064224079291.0,1943862392213.0,3808960032435.0,46957120000.0,1865097640222.0,2878105413360.0,800873560931.0,83125368481.0,87598743668.0,833699394922.0,475503552994.0,2758148037427.0
258,1077577,2021,7220634402.0,16400899704.0,-8372539841.0,238413067718.0,16400899704.0,3132463526.0,-9278962490.0,151954914793.0,100004639827.0,116451917854.0,238413067718.0,4566081500.0,121961149864.0,86458152925.0,21956510037.0,901602995.0,-2493975405.0,59660793305.0,51299853452.0,269543072028.0
259,1077577,2022,16400899704.0,3580181551.0,-24716253464.0,234378740648.0,3580181551.0,-17080236816.0,8742371115.0,134783344815.0,140433645595.0,83079339269.0,234378740648.0,4566081500.0,151299401379.0,99595395833.0,10865755784.0,-17314607719.0,-20904570714.0,68702368472.0,33684258164.0,351683832798.0
260,1077577,2023,3580181551.0,2660626621.0,20052855407.0,306575350948.0,2660626621.0,39610382422.0,-33951102827.0,193416196203.0,161572867755.0,97945071047.0,306575350948.0,4566081500.0,208630279901.0,113159154745.0,47057412146.0,17534280063.0,20761747033.0,74405427146.0,48543766896.0,448007027965.0
261,1182578,2021,14580833310.0,32934636995.0,9354461532.0,197392578869.0,32934636995.0,26709346241.0,-11364201906.0,110879799937.0,115150144243.0,58435698320.0,197392578869.0,5716884000.0,138956880549.0,86512778932.0,23806736306.0,7748885691.0,10346091176.0,38155326705.0,27531164322.0,137322080267.0
262,1182578,2022,32934636995.0,30923666946.0,13561813373.0,203494973965.0,30923666946.0,-4524894873.0,-16918025597.0,87926702082.0,90623743239.0,70214513711.0,203494973965.0,5899330500.0,133280460254.0,115568271883.0,42656717015.0,13890523397.0,16994036420.0,20546047363.0,39045614985.0,164231683050.0
263,1182578,2023,30923666946.0,26346557901.0,8484588305.0,173117335008.0,26346557901.0,-20871034479.0,14020695216.0,75163256992.0,93203179876.0,66867969363.0,173117335008.0,7757569000.0,106249365645.0,97954078016.0,13046185769.0,-7283347117.0,-8664020118.0,19668174756.0,28349646886.0,176371148975.0
264,1336443,2021,6669415833.0,2361373205.0,-430194245.0,101318904273.0,2361373205.0,-4900581185.0,-4286314373.0,49613189114.0,34750707948.0,40369077586.0,101318904273.0,2010727100.0,60949826687.0,51705715159.0,26199118739.0,-1200062720.0,-2836714775.0,46930785704.0,17975897085.0,87268255843.0
265,1336443,2022,2361373205.0,6707113047.0,9819617428.0,117641269712.0,6707113047.0,6739877088.0,-7813637470.0,66800346966.0,50826212591.0,46727168619.0,117641269712.0,2068727100.0,70914101093.0,50840922746.0,20087888502.0,4538145355.0,5643522289.0,42254748073.0,23835692220.0,120652617749.0
266,1336443,2023,6707113047.0,5628752115.0,9458999623.0,106940628499.0,5628752115.0,-15771033663.0,-4727865698.0,57609358297.0,45159539313.0,52230872796.0,106940628499.0,2068727100.0,54709755703.0,49331270202.0,9550216390.0,5402039144.0,6221337991.0,39728021030.0,29238458885.0,122419662930.0
267,1526806,2021,1636942124.0,2974170693.0,7424283430.0,74245592095.0,2974170693.0,25482588242.0,-25926545618.0,40504326205.0,14505843884.0,35946031697.0,74245592095.0,1207692900.0,38299560398.0,33741265890.0,23793716514.0,-215679201.0,2130831644.0,25139416839.0,353634006.0,116861286332.0
268,1526806,2022,2974170693.0,822555467.0,8594133801.0,92591889084.0,822555467.0,5739852725.0,-11160870131.0,56893615688.0,31498486074.0,43935749689.0,92591889084.0,1207692900.0,48656139395.0,35698273396.0,17157653321.0,7984065119.0,10004197241.0,27788250082.0,8343351998.0,107029528003.0
269,1526806,2023,822555467.0,33822486298.0,2150484723.0,160497823875.0,33822486298.0,69821365965.0,-45269748105.0,87961254406.0,73668437464.0,71861350349.0,160497823875.0,5719624000.0,88636473526.0,72536569469.0,14968036062.0,4327104511.0,5749776251.0,27843035672.0,12570290293.0,94230431110.0
270,1532603,2021,29656139203.0,4747463557.0,5199567264.0,378091634003.0,4747463557.0,-34386436527.0,-1583123674.0,167560351981.0,248702454542.0,67401013131.0,378091634003.0,9496811500.0,310690620872.0,210531282022.0,61988166330.0,8309742009.0,10609578205.0,101375918867.0,15532276528.0,504853495330.0
271,1532603,2022,4747463557.0,6747758962.0,12719529153.0,395294330230.0,6747758962.0,-22699227085.0,-6301454019.0,173174719566.0,276599421822.0,92660510400.0,395294330230.0,9496811500.0,302633819830.0,222119610664.0,26034398008.0,12684597839.0,15411761698.0,99943316531.0,32951342147.0,657241500200.0
272,1532603,2023,6747758962.0,9986250202.0,24672738273.0,403460810646.0,9986250202.0,-31411516655.0,-8303195321.0,173638264224.0,246133004573.0,112518168095.0,403460810646.0,9496811500.0,290942642551.0,229822546422.0,44809637978.0,24209219464.0,29054444109.0,98640939453.0,51307301228.0,677371568619.0
